metric,before,after
num_samples,3.0,3.0
accuracy,1.0,1.0
avg_confidence,0.38333333333333336,1.0
avg_correctness,1.0,1.0
brier_score,0.02416666666666667,0.6666666666666666
ece,0.15000000000000002,0.6666666666666667
mce,0.2,0.6666666666666667
auroc,1.0,0.5
