method,HR@10_mean,HR@10_std,NDCG@10_mean,NDCG@10_std,MRR@10_mean,MRR@10_std,Recall@10_mean,Recall@10_std,relative_NDCG_vs_gru4rec_mean,relative_NDCG_vs_gru4rec_std,relative_MRR_vs_gru4rec_mean,relative_MRR_vs_gru4rec_std,fallback_rate_mean,fallback_rate_std
A_GRU4Rec_only,1.0,0.0,0.5347038252309285,0.006643759375539951,0.3872559095580678,0.008832333872426353,1.0,0.0,0.0,0.0,0.0,0.0,0.13360739979445016,0.0
B_GRU4Rec_plus_calibrated_relevance,1.0,0.0,0.5919794995363593,0.0035956378995108287,0.46221308667351835,0.004928941915272942,1.0,0.0,0.10717461247364601,0.006999306699221343,0.19377828533918964,0.014369282791479861,0.13360739979445016,0.0
C_GRU4Rec_plus_evidence_risk,1.0,0.0,0.5453996583443498,0.0032568645687615933,0.401809980586959,0.00436623217257382,1.0,0.0,0.020058939112737297,0.006868683528925973,0.03777258236730669,0.012694178139730408,0.13360739979445016,0.0
D_GRU4Rec_plus_calibrated_relevance_plus_evidence_risk,1.0,0.0,0.6037383473477781,0.0024702529535787746,0.4778348749571772,0.0032326938536170993,1.0,0.0,0.12918880652085685,0.009944365955739115,0.23420838445395184,0.020611877524427284,0.13360739979445016,0.0
