num_samples,accuracy,avg_confidence,avg_correctness,brier_score,ece,mce,auroc
3000,0.8363333333333334,0.7915800000000001,0.8363333333333334,0.13713419999999998,0.044753333333333443,0.875,0.667293060663891
