split,score_type,num_rows,num_valid_rows,parse_success_rate,schema_valid_rate,accuracy,ECE,Brier,AUROC,high_conf_error_rate,mean_confidence,std_confidence,confidence_histogram,positive_label_rate,recommend_yes_rate
valid,raw_confidence,52,52,1.0,1.0,0.19230769230769232,0.45769230769230773,0.36480769230769233,0.5,0.0,0.65,0.0,"[0, 0, 0, 0, 0, 0, 52, 0, 0, 0]",0.17307692307692307,0.9807692307692307
test,raw_confidence,52,52,1.0,1.0,0.19230769230769232,0.45769230769230773,0.36480769230769233,0.5,0.0,0.65,0.0,"[0, 0, 0, 0, 0, 0, 52, 0, 0, 0]",0.17307692307692307,0.9807692307692307
