{
  "config_path": "configs/framework/qwen3_8b_lora_baseline_beauty_listwise_strict_small.yaml",
  "status": "success",
  "blocked_reasons": [],
  "oom_status": false,
  "ready_for_day6_real_train": true,
  "adapter_output_dir": "artifacts/lora/qwen3_8b_beauty_listwise_strict_day9_small",
  "train_samples": 622,
  "eval_samples": 128,
  "max_steps": 300,
  "batch_size": 1,
  "gradient_accumulation_steps": 4,
  "max_seq_len": 2048,
  "lora_rank": 8,
  "lora_alpha": 16,
  "lora_dropout": 0.05,
  "losses": [
    0.3669952154159546,
    0.2932848036289215,
    0.5305477976799011,
    0.2239743322134018,
    0.11837977170944214,
    0.007280443329364061,
    0.055173248052597046,
    0.010000179521739483,
    0.04099920019507408,
    0.01598360762000084,
    0.04228571802377701,
    0.01512810867279768,
    0.031154591590166092,
    0.025274891406297684,
    0.025014445185661316,
    0.015453496016561985,
    0.18176287412643433,
    0.01522791013121605,
    0.09118139743804932,
    0.021983884274959564,
    0.029715148732066154,
    0.02354845590889454,
    0.03549462929368019,
    0.0608123242855072,
    0.02893703617155552,
    0.056929733604192734,
    0.029406489804387093,
    0.02410835213959217,
    0.03665013983845711,
    0.048848580569028854,
    0.027504900470376015,
    0.0368988998234272,
    0.031542036682367325,
    0.03125886246562004,
    0.02739771641790867,
    0.035625867545604706,
    0.03497746214270592,
    0.032460760325193405,
    0.03500477969646454,
    0.03229871392250061,
    0.02848236635327339,
    0.032595619559288025,
    0.023568158969283104,
    0.02916605956852436,
    0.02432378940284252,
    0.016338907182216644,
    0.019600095227360725,
    0.01072505209594965,
    0.03594142571091652,
    0.03395678102970123,
    0.01320983748883009,
    0.048696450889110565,
    0.05993049964308739,
    0.03098301962018013,
    0.04302847757935524,
    0.023971620947122574,
    0.021320702508091927,
    0.04908330738544464,
    0.028567789122462273,
    0.028350969776511192,
    0.026914652436971664,
    0.030977267771959305,
    0.026671160012483597,
    0.022685302421450615,
    0.017897000536322594,
    0.01744108274579048,
    0.039596788585186005,
    0.0309278666973114,
    0.024459701031446457,
    0.031527288258075714,
    0.030874358490109444,
    0.038740124553442,
    0.025815324857831,
    0.02768610417842865,
    0.021875185891985893,
    0.02162657119333744,
    0.02108061872422695,
    0.034512706100940704,
    0.03620125353336334,
    0.020993905141949654,
    0.027904199436306953,
    0.042013369500637054,
    0.022393852472305298,
    0.01873551495373249,
    0.03351111710071564,
    0.05715535581111908,
    0.03166589513421059,
    0.030935805290937424,
    0.024534061551094055,
    0.02200322411954403,
    0.03995075076818466,
    0.04385412856936455,
    0.02034975402057171,
    0.022972693666815758,
    0.026074331253767014,
    0.025683965533971786,
    0.016309121623635292,
    0.01101683359593153,
    0.04461211338639259,
    0.022085120901465416,
    0.048930395394563675,
    0.017668383195996284,
    0.029729614034295082,
    0.016027487814426422,
    0.03594642132520676,
    0.018842952325940132,
    0.01835544779896736,
    0.02873358130455017,
    0.025006815791130066,
    0.014185113832354546,
    0.04905718192458153,
    0.01690235175192356,
    0.024394897744059563,
    0.028875496238470078,
    0.02229892462491989,
    0.021699458360671997,
    0.010761077515780926,
    0.014626817777752876,
    0.022423528134822845,
    0.01792977564036846,
    0.03926878422498703,
    0.023880809545516968,
    0.02005711756646633,
    0.030401885509490967,
    0.04096690192818642,
    0.03159680590033531,
    0.02068423107266426,
    0.021047411486506462,
    0.028178051114082336,
    0.027237188071012497,
    0.03336875140666962,
    0.021466027945280075,
    0.02821853570640087,
    0.014323069714009762,
    0.03130229935050011,
    0.02838430181145668,
    0.03092157281935215,
    0.025280117988586426,
    0.035072438418865204,
    0.009441955015063286,
    0.019198289141058922,
    0.04673944041132927,
    0.012394873425364494,
    0.01789814606308937,
    0.030969880521297455,
    0.026880387216806412,
    0.013042053207755089,
    0.033575039356946945,
    0.031631652265787125,
    0.019057435914874077,
    0.01667480170726776,
    0.02588125504553318,
    0.04007717967033386,
    0.01398016419261694,
    0.046037983149290085,
    0.015164758078753948,
    0.00409714225679636,
    0.04736066237092018,
    0.05374106019735336,
    0.018633466213941574,
    0.018793195486068726,
    0.026698483154177666,
    0.024303831160068512,
    0.005287050269544125,
    0.012555304914712906,
    0.030508840456604958,
    0.12110818922519684,
    0.03928203135728836,
    0.0047383615747094154,
    0.024845469743013382,
    0.01734822988510132,
    0.015879502519965172,
    0.02893209084868431,
    0.027247363701462746,
    0.02292797528207302,
    0.011105688288807869,
    0.009001223370432854,
    0.027218356728553772,
    0.03558850288391113,
    0.010847212746739388,
    0.012684918008744717,
    0.01332901418209076,
    0.02734256722033024,
    0.04101711884140968,
    0.016584362834692,
    0.013106875121593475,
    0.015639876946806908,
    0.036093831062316895,
    0.025793876498937607,
    0.012008542194962502,
    0.014259771443903446,
    0.008564670570194721,
    0.009314670227468014,
    0.02107631228864193,
    0.03171509876847267,
    0.02392122894525528,
    0.0038232863880693913,
    0.011839785613119602,
    0.02896023355424404,
    0.042640116065740585,
    0.016820091754198074,
    0.017742227762937546,
    0.031817156821489334,
    0.041249558329582214,
    0.03861132264137268,
    0.06162197142839432,
    0.03101344406604767,
    0.048780836164951324,
    0.025626761838793755,
    0.03287928178906441,
    0.00939150806516409,
    0.07348760962486267,
    0.021974138915538788,
    0.023239878937602043,
    0.008820440620183945,
    0.02074548974633217,
    0.012245195917785168,
    0.031889285892248154,
    0.015337974764406681,
    0.033805422484874725,
    0.019566815346479416,
    0.06778846681118011,
    0.04173127934336662,
    0.008610906079411507,
    0.017827192321419716,
    0.010788960382342339,
    0.04934021458029747,
    0.025408022105693817,
    0.011143556796014309,
    0.05155926197767258,
    0.02365749701857567,
    0.037877075374126434,
    0.035334229469299316,
    0.015779297798871994,
    0.015234184451401234,
    0.01896672323346138,
    0.020648490637540817,
    0.009402366355061531,
    0.01733783446252346,
    0.0032600995618849993,
    0.009887873195111752,
    0.023451944813132286,
    0.06893357634544373,
    0.041435547173023224,
    0.019122755154967308,
    0.026897944509983063,
    0.01086802501231432,
    0.03483498841524124,
    0.016956383362412453,
    0.019038086757063866,
    0.012243152596056461,
    0.013971871696412563,
    0.019831523299217224,
    0.01741037145256996,
    0.026088936254382133,
    0.031906191259622574,
    0.01297682709991932,
    0.028768165037035942,
    0.011705847457051277,
    0.06103339046239853,
    0.06051531434059143,
    0.025513701140880585,
    0.018541831523180008,
    0.027284428477287292,
    0.0369124673306942,
    0.02792380191385746,
    0.027445649728178978,
    0.013448404148221016,
    0.03101523220539093,
    0.028336746618151665,
    0.03031245432794094,
    0.006303496193140745,
    0.04902872443199158,
    0.008124876767396927,
    0.01604156754910946,
    0.014252745546400547,
    0.016958491876721382,
    0.01192685216665268,
    0.014871003106236458,
    0.005997642409056425,
    0.019478125497698784,
    0.00768855307251215,
    0.029194537550210953,
    0.02803231030702591,
    0.035445328801870346,
    0.0003500557504594326,
    0.02189425751566887,
    0.045377202332019806,
    0.020266752690076828,
    0.0186855997890234,
    0.014637422747910023,
    0.01479560136795044,
    0.015181981958448887,
