domain,num_users,num_items,num_interactions,user_interactions_mean,user_interactions_median,user_interactions_p50,user_interactions_p75,user_interactions_p90,user_interactions_p95,user_interactions_p99,num_users_ge_3,num_users_ge_4,num_users_ge_5,num_users_ge_10,item_interactions_mean,item_interactions_median,item_interactions_p90,item_interactions_p95,item_interactions_p99
beauty,992,1184,6583,6.636088709677419,4.0,4.0,7.0,12.0,20.0,36.09000000000003,992,622,438,151,5.559966216216216,5.0,9.0,11.0,15.0
books,1711729,963824,12442971,7.269241217505808,4.0,4.0,7.0,12.0,19.0,51.0,1711729,1104817,779589,254515,12.910003278606883,5.0,23.0,39.0,118.0
electronics,3010273,533532,17515103,5.818443377062479,4.0,4.0,6.0,10.0,14.0,29.0,3010273,1852743,1251322,339512,32.82858947542041,8.0,52.0,104.0,411.0
movies,1174881,258113,7895387,6.720158892687855,4.0,4.0,7.0,12.0,17.0,42.0,1174881,754113,527705,164139,30.588877739594675,8.0,59.0,107.0,336.88000000000466
