{
  "config_path": "configs/framework/qwen3_8b_lora_baseline_beauty_pointwise_small.yaml",
  "status": "success",
  "blocked_reasons": [],
  "oom_status": false,
  "ready_for_day6_real_train": true,
  "adapter_output_dir": "artifacts/lora/qwen3_8b_beauty_pointwise_day9_small",
  "train_samples": 2000,
  "eval_samples": 128,
  "max_steps": 300,
  "batch_size": 1,
  "gradient_accumulation_steps": 4,
  "max_seq_len": 1536,
  "lora_rank": 8,
  "lora_alpha": 16,
  "lora_dropout": 0.05,
  "losses": [
    4.8161444664001465,
    4.028693199157715,
    2.8262252807617188,
    2.006789207458496,
    1.5109670162200928,
    1.1777830123901367,
    0.6651659607887268,
    0.2576904594898224,
    0.02883383259177208,
    0.01263604685664177,
    0.009227791801095009,
    0.00956437923014164,
    0.01843596249818802,
    0.06564433127641678,
    0.04862420633435249,
    0.05205211043357849,
    1.2807819843292236,
    0.7634750604629517,
    0.021889198571443558,
    0.02176055870950222,
    0.017402656376361847,
    0.009628986939787865,
    0.013846726156771183,
    0.019231319427490234,
    0.0494399331510067,
    0.018784299492836,
    0.03243003040552139,
    0.016644712537527084,
    0.018569715321063995,
    0.016548434272408485,
    0.03985832631587982,
    0.004174893721938133,
    0.0035927111748605967,
    0.005691444966942072,
    0.011361118406057358,
    0.020288212224841118,
    0.011280764825642109,
    0.01133442297577858,
    0.02268523909151554,
    0.03932759538292885,
    0.04854311794042587,
    0.03533732891082764,
    0.09484224021434784,
    0.02538970671594143,
    0.022632287815213203,
    0.02020152099430561,
    0.017968885600566864,
    0.017965562641620636,
    0.01599261909723282,
    0.01795773394405842,
    0.031602997332811356,
    0.014211177825927734,
    0.01596655882894993,
    0.020135585218667984,
    0.022574901580810547,
    0.015981517732143402,
    0.01794508844614029,
    0.1303848773241043,
    0.035246528685092926,
    0.02011125534772873,
    0.031572915613651276,
    0.01595081016421318,
    0.031581614166498184,
    0.028300482779741287,
    0.017904462292790413,
    0.02253822423517704,
    0.022531045600771904,
    0.01598900742828846,
    0.01272076927125454,
    0.020099861547350883,
    0.015938961878418922,
    0.02010459080338478,
    0.020113034173846245,
    0.022555604577064514,
    0.020108936354517937,
    0.03524157777428627,
    0.022550802677869797,
    0.022537456825375557,
    0.020115815103054047,
    0.02254253253340721,
    0.020111145451664925,
    0.020098088309168816,
    0.01416746899485588,
    0.01258982252329588,
    0.011184319853782654,
    0.015941446647047997,
    0.01259253453463316,
    0.008908543735742569,
    0.01415826752781868,
    0.017888637259602547,
    0.017889894545078278,
    0.07913979887962341,
    0.039231136441230774,
    0.022552425041794777,
    0.025283224880695343,
    0.020133601501584053,
    0.015956925228238106,
    0.02827892266213894,
    0.02829323150217533,
    0.015952732414007187,
    0.020110752433538437,
    0.020129632204771042,
    0.022569844499230385,
    0.017937079071998596,
    0.017945006489753723,
    0.02830490656197071,
    0.02529335767030716,
    0.02528153918683529,
    0.022567585110664368,
    0.022569969296455383,
    0.02257806435227394,
    0.025295382365584373,
    0.0317087359726429,
    0.028371458873152733,
    0.01595989242196083,
    0.017922542989253998,
    0.020137833431363106,
    0.02258271723985672,
    0.020132023841142654,
    0.025299374014139175,
    0.02257256954908371,
    0.022645626217126846,
    0.020283253863453865,
    0.022560684010386467,
    0.022581350058317184,
    0.028260596096515656,
    0.02529258094727993,
    0.025272538885474205,
    0.022558540105819702,
    0.022561097517609596,
    0.022539746016263962,
    0.02524896338582039,
    0.022540587931871414,
    0.03156418353319168,
    0.020080991089344025,
    0.017890863120555878,
    0.022527430206537247,
    0.014159786514937878,
    0.01415597926825285,
    0.01416098140180111,
    0.015924319624900818,
    0.017881937325000763,
    0.015922777354717255,
    0.02252594754099846,
    0.03921148553490639,
    0.022543566301465034,
    0.031581390649080276,
    0.028238320723176003,
    0.028232920914888382,
    0.025231197476387024,
    0.028231149539351463,
    0.02251542918384075,
    0.02251822128891945,
    0.015909072011709213,
    0.031526803970336914,
    0.012563630938529968,
    0.02820342220366001,
    0.008773302659392357,
    0.012554588727653027,
    0.009891548193991184,
    0.04359094426035881,
    0.00988396629691124,
    0.008766303770244122,
    0.017901550978422165,
    0.012589800171554089,
    0.020054059103131294,
    0.011149619705975056,
    0.009889003820717335,
    0.04839067906141281,
    0.008775776252150536,
    0.008777393959462643,
    0.01589779369533062,
    0.020061125978827477,
    0.015906408429145813,
    0.02521168813109398,
    0.012613605707883835,
    0.012643370777368546,
    0.01786848157644272,
    0.035242900252342224,
    0.022571729496121407,
    0.04841000214219093,
    0.0315454863011837,
    0.028236394748091698,
    0.02522239275276661,
    0.025227738544344902,
    0.02251461148262024,
    0.025229433551430702,
    0.022528117522597313,
    0.022526800632476807,
    0.01591063104569912,
    0.02009434625506401,
    0.02254662849009037,
    0.015924783423542976,
    0.017897872254252434,
    0.020097756758332253,
    0.01790515147149563,
    0.02009388990700245,
    0.025244437158107758,
    0.022530047222971916,
    0.02254348061978817,
    0.025258082896471024,
    0.025265639647841454,
    0.022584548220038414,
    0.03163795918226242,
    0.02525605820119381,
    0.022547448053956032,
    0.022546816617250443,
    0.025264620780944824,
    0.01790046878159046,
    0.028247661888599396,
    0.017891883850097656,
    0.016027305275201797,
    0.025449814274907112,
    0.015918146818876266,
    0.025228064507246017,
    0.020081091672182083,
    0.017931897193193436,
    0.02254023402929306,
    0.020105913281440735,
    0.028256084769964218,
    0.031546700745821,
    0.022521598264575005,
    0.020084811374545097,
    0.020096926018595695,
    0.022536637261509895,
    0.022532613947987556,
    0.017887679859995842,
    0.02007601596415043,
    0.017880646511912346,
    0.022525815293192863,
    0.031547825783491135,
    0.022516299039125443,
    0.02253887802362442,
    0.014163276180624962,
    0.014142078347504139,
    0.017866626381874084,
    0.0178642850369215,
    0.01256276573985815,
    0.01258760504424572,
    0.01258966326713562,
    0.017879512161016464,
    0.022522347047924995,
    0.031543996185064316,
    0.025226591154932976,
    0.02523413486778736,
    0.02523060329258442,
    0.022504528984427452,
    0.031548138707876205,
    0.03154771029949188,
    0.0225108340382576,
    0.02006455510854721,
    0.02006695233285427,
    0.0178656168282032,
    0.01589837484061718,
    0.020063774660229683,
    0.03152260556817055,
    0.011152242310345173,
    0.012560845352709293,
    0.01787991262972355,
    0.015903020277619362,
    0.017875026911497116,
    0.04361812397837639,
    0.02007053792476654,
    0.025215838104486465,
    0.02821730263531208,
    0.020091960206627846,
    0.0315590538084507,
    0.020067237317562103,
    0.022506579756736755,
    0.03153039142489433,
    0.0252202358096838,
    0.02009485475718975,
    0.035208337008953094,
    0.02250351384282112,
    0.020074229687452316,
    0.022510411217808723,
    0.025232773274183273,
    0.025218142196536064,
    0.020069871097803116,
    0.02820965088903904,
    0.020063258707523346,
    0.02006523683667183,
    0.04359812289476395,
    0.020072685554623604,
    0.02251751720905304,
    0.05363462492823601,
    0.015897125005722046,
    0.017862046137452126,
    0.01589822769165039,
    0.022519562393426895,
    0.022527337074279785,
    0.020061256363987923,
    0.0159178227186203,
    0.022521166130900383,
