num_samples,accuracy,avg_confidence,avg_correctness,brier_score,ece,mce,auroc
9,1.0,0.8500000000000001,1.0,0.5269444444444444,0.5833333333333334,0.7,0.25
