target_popularity_group,overall_fraction,high_conf_fraction,exposure_shift
head,0.3333333333333333,0.25,-0.08333333333333331
mid,0.3333333333333333,0.375,0.041666666666666685
tail,0.3333333333333333,0.375,0.041666666666666685
